mention_id,ticker,market,stance,base_trade_date,base_price,current_trade_date,current_price,current_return,benchmark_current_return,excess_current_return,return_7d,return_30d,return_90d,return_180d,benchmark_return_7d,benchmark_return_30d,benchmark_return_90d,benchmark_return_180d,excess_return_7d,excess_return_30d,excess_return_90d,excess_return_180d,calculation_status,notes
sample_m_001,2330,TWSE,bullish,,,,,,,,,,,,,,,,,,,,pending_price,sample row; returns not calculated yet
m_20260603_001,MRVL,US,past_review,2026-06-04,316.4299927,2026-06-12,279.7000122,-0.1160761664,-0.03511320731,-0.08096295904,-0.1128843727,,,,-0.03806426403,,,,-0.07482010865,,,,pending_price,price source Yahoo chart symbol=MRVL; 3 horizon target prices unavailable
m_20260603_002,concept_proxy:光通訊,concept,bullish,2026-06-04,1,2026-06-16,0.9104270932,-0.08957290684,0.002883927128,-0.09245683397,-0.1692142155,,,,-0.05534458239,,,,-0.1138696331,,,,pending_price,concept proxy basket=光通訊; symbols=3081.TWO;3163.TWO;4979.TWO; 3 horizon target prices unavailable
m_20260603_003,concept_proxy:光通訊,concept,bullish,2026-06-04,1,2026-06-16,0.9104270932,-0.08957290684,0.002883927128,-0.09245683397,-0.1692142155,,,,-0.05534458239,,,,-0.1138696331,,,,pending_price,concept proxy basket=光通訊; symbols=3081.TWO;3163.TWO;4979.TWO; 3 horizon target prices unavailable
m_20260603_004,,concept,watch,,,,,,,,,,,,,,,,,,,,not_applicable,approved concept stance is not bullish/bearish
m_20260603_005,concept_proxy:AI PC,concept,bullish,2026-06-04,1,2026-06-16,0.8922835789,-0.1077164211,0.002883927128,-0.1106003482,-0.1237029075,,,,-0.05534458239,,,,-0.06835832516,,,,pending_price,concept proxy basket=AI PC; symbols=2317.TW;2356.TW;2382.TW;3231.TW; 3 horizon target prices unavailable
m_20260603_006,2330,TWSE,bullish,2026-06-04,2378.654053,2026-06-16,2400,0.008973960396,0.002883927128,0.006090033268,-0.05408691213,,,,-0.05534458239,,,,0.001257670257,,,,pending_price,price source Yahoo chart symbol=2330.TW; 3 horizon target prices unavailable
m_20260603_007,NVDA,US,bullish,2026-06-04,218.6600037,2026-06-12,205.1900024,-0.06160249243,-0.03511320731,-0.02648928512,-0.06306598515,,,,-0.03806426403,,,,-0.02500172113,,,,pending_price,price source Yahoo chart symbol=NVDA; 3 horizon target prices unavailable
m_20260603_008,concept_proxy:功率半導體,concept,bullish,2026-06-04,1,2026-06-16,1.008928571,0.008928571429,0.002883927128,0.0060446443,-0.025,,,,-0.05534458239,,,,0.03034458239,,,,pending_price,concept proxy basket=功率半導體; symbols=8081.TW; 3 horizon target prices unavailable
m_20260530_001,concept_proxy:被動元件,concept,bullish,2026-06-01,1,2026-06-16,1.203210185,0.203210185,0.01039486047,0.1928153245,-0.06795413106,,,,-0.0404766982,,,,-0.02747743286,,,,pending_price,concept proxy basket=被動元件; symbols=2327.TW;2492.TW;6173.TWO; 3 horizon target prices unavailable
m_20260530_002,concept_proxy:AI 軟體,concept,bullish,2026-06-01,1,2026-06-12,0.8173527923,-0.1826472077,-0.04422708613,-0.1384201215,-0.1410991006,,,,-0.04272006808,,,,-0.0983790325,,,,pending_price,concept proxy basket=AI 軟體; symbols=CRM;CRWD;NET;NOW;OKTA;PLTR;SNOW; 3 horizon target prices unavailable
m_20260530_003,SNOW,US,bullish,2026-06-01,280.1600037,2026-06-15,240.7799988,-0.1405625513,-0.04422708613,-0.09633546515,-0.1417404561,,,,-0.04272006808,,,,-0.09902038807,,,,pending_price,price source Yahoo chart symbol=SNOW; 3 horizon target prices unavailable
m_20260530_004,concept_proxy:ODM/OEM,concept,bullish,2026-06-01,1,2026-06-16,0.9090557661,-0.09094423394,0.01039486047,-0.1013390944,-0.05570458386,,,,-0.0404766982,,,,-0.01522788567,,,,pending_price,concept proxy basket=ODM/OEM; symbols=2317.TW;2356.TW;2382.TW;3231.TW;6669.TW; 3 horizon target prices unavailable
m_20260530_005,concept_proxy:AI 軟體,concept,bullish,2026-06-01,1,2026-06-12,0.8173527923,-0.1826472077,-0.04422708613,-0.1384201215,-0.1410991006,,,,-0.04272006808,,,,-0.0983790325,,,,pending_price,concept proxy basket=AI 軟體; symbols=CRM;CRWD;NET;NOW;OKTA;PLTR;SNOW; 3 horizon target prices unavailable
m_20260530_006,,concept,watch,,,,,,,,,,,,,,,,,,,,not_applicable,approved concept stance is not bullish/bearish
m_20260527_001,2330,TWSE,bullish,2026-05-28,2288.893555,2026-06-16,2400,0.04854155191,0.04979209876,-0.001250546844,0.03921567163,,,,0.0467732809,,,,-0.007557609263,,,,pending_price,price source Yahoo chart symbol=2330.TW; 3 horizon target prices unavailable
m_20260527_002,TSLA,US,watch,2026-05-28,442.1000061,2026-06-12,406.4299927,-0.08068313263,-0.03821424645,-0.04246888617,-0.05349466992,,,,-0.003213889097,,,,-0.05028078082,,,,pending_price,price source Yahoo chart symbol=TSLA; 3 horizon target prices unavailable
m_20260527_003,,concept,bullish,,,,,,,,,,,,,,,,,,,,not_applicable,approved concept mention has no active proxy basket
m_20260527_004,concept_proxy:散熱,concept,bullish,2026-05-28,1,2026-06-16,0.9816903853,-0.01830961472,0.04979209876,-0.06810171348,0.1147460373,,,,0.0467732809,,,,0.06797275636,,,,pending_price,concept proxy basket=散熱; symbols=3017.TW;3324.TWO; 3 horizon target prices unavailable
m_20260527_005,concept_proxy:功率元件,concept,bullish,2026-05-28,1,2026-06-16,0.9860383944,-0.01396160558,0.04979209876,-0.06375370434,-0.02268760908,,,,0.0467732809,,,,-0.06946088997,,,,pending_price,concept proxy basket=功率元件; symbols=8081.TW; 3 horizon target prices unavailable
m_20260527_006,,concept,watch,,,,,,,,,,,,,,,,,,,,not_applicable,approved concept stance is not bullish/bearish
m_20260603_009,,concept,watch,,,,,,,,,,,,,,,,,,,,not_applicable,approved concept stance is not bullish/bearish
m_20260603_010,concept_proxy:被動元件,concept,bullish,2026-06-04,1,2026-06-16,1.293255047,0.2932550465,0.002883927128,0.2903711194,0.1217826479,,,,-0.05534458239,,,,0.1771272302,,,,pending_price,concept proxy basket=被動元件; symbols=2327.TW;2492.TW;6173.TWO; 3 horizon target prices unavailable
m_20260530_007,CRM,US,bullish,2026-06-01,209.0604248,2026-06-12,165.8899994,-0.2064973581,-0.04422708613,-0.162270272,-0.1290553292,,,,-0.04272006808,,,,-0.08633526108,,,,pending_price,price source Yahoo chart symbol=CRM; 3 horizon target prices unavailable
m_20260530_008,NOW,US,bullish,2026-06-01,135.8600006,2026-06-15,104.1500015,-0.2334020237,-0.04422708613,-0.1891749376,-0.1595024148,,,,-0.04272006808,,,,-0.1167823467,,,,pending_price,price source Yahoo chart symbol=NOW; 3 horizon target prices unavailable
m_20260530_009,,concept,watch,,,,,,,,,,,,,,,,,,,,not_applicable,approved concept stance is not bullish/bearish
m_20260530_010,concept_proxy:被動元件,concept,bullish,2026-06-01,1,2026-06-16,1.203210185,0.203210185,0.01039486047,0.1928153245,-0.06795413106,,,,-0.0404766982,,,,-0.02747743286,,,,pending_price,concept proxy basket=被動元件; symbols=2327.TW;2492.TW;6173.TWO; 3 horizon target prices unavailable
m_20260530_011,NET,US,past_review,2026-06-01,270.8200073,2026-06-15,235.7100067,-0.1296433043,-0.04422708613,-0.08541621813,-0.08503808218,,,,-0.04272006808,,,,-0.0423180141,,,,pending_price,price source Yahoo chart symbol=NET; 3 horizon target prices unavailable
m_20260527_007,concept_proxy:被動元件,concept,bullish,2026-05-28,1,2026-06-16,1.287897927,0.2878979271,0.04979209876,0.2381058284,-0.003915781238,,,,0.0467732809,,,,-0.05068906214,,,,pending_price,concept proxy basket=被動元件; symbols=2327.TW;2492.TW;6173.TWO; 3 horizon target prices unavailable
m_20260527_008,,concept,bullish,,,,,,,,,,,,,,,,,,,,not_applicable,approved concept mention has no active proxy basket
auto_20260506_659_3443,3443,TWSE,past_review,2026-05-07,5425.283691,2026-06-16,4920,-0.09313498061,0.09241737904,-0.1855523596,-0.06880733573,-0.215709216,,,-0.004340921438,0.03741613452,,,-0.0644664143,-0.2531253505,,,pending_price,price source Yahoo chart symbol=3443.TW; 2 horizon target prices unavailable
auto_20260509_660_2330,2330,TWSE,past_review,2026-05-11,2229.053223,2026-06-16,2400,0.07669030762,0.0961743761,-0.01948406848,0.002237190371,0.008948542431,,,-0.02149406609,0.03434980752,,,0.02373125646,-0.02540126508,,,pending_price,price source Yahoo chart symbol=2330.TW; 2 horizon target prices unavailable
auto_20260516_662_2330,2330,TWSE,past_review,2026-05-18,2234.040039,2026-06-16,2400,0.07428692326,0.1202531718,-0.04596624855,0.03124998634,,,,0.06731366087,,,,-0.03606367453,,,,pending_price,price source Yahoo chart symbol=2330.TW; 3 horizon target prices unavailable
auto_20260530_666_pltr,PLTR,US,past_review,2026-06-01,160.6499939,2026-06-15,134.7100067,-0.1614689584,-0.04422708613,-0.1172418723,-0.1505134989,,,,-0.04272006808,,,,-0.1077934308,,,,pending_price,price source Yahoo chart symbol=PLTR; 3 horizon target prices unavailable
auto_20260606_668_2330,2330,TWSE,bearish,2026-06-08,2288.893555,2026-06-16,2400,0.04854155191,0.05301753336,-0.004475981447,-0.03761924408,,,,0.05301753336,,,,-0.09063677744,,,,pending_price,price source Yahoo chart symbol=2330.TW; 3 horizon target prices unavailable
auto_20260606_668_snow,SNOW,US,watch,2026-06-08,240.4499969,2026-06-15,240.7799988,0.001372434332,-0.001574271018,0.002946705351,0.001372434332,,,,,,,,,,,,pending_price,price source Yahoo chart symbol=SNOW; 3 horizon target prices unavailable
auto_20260610_669_2330,2330,TWSE,bullish,2026-06-11,2250,2026-06-16,2400,0.06666666667,0.06163994662,0.005026720049,,,,,,,,,,,,,pending_price,price source Yahoo chart symbol=2330.TW; 4 horizon target prices unavailable
